Track ID,Type,x [m],y [m],Speed [km/h],Tan. Acc. [ms-2],Lat. Acc. [ms-2],Time [s],Angle [rad]
1,Car,411374.81,5655227.47,57.8746,-2.208,-0.3367,0.066733,0.8582
1,Car,411375.17,5655227.89,57.6237,-1.9688,-0.3644,0.1001,0.8584
1,Car,411375.53,5655228.31,57.403,-1.7065,-0.4042,0.133467,0.8586
1,Car,411375.89,5655228.73,57.2113,-1.4853,-0.4354,0.166833,0.8589
1,Car,411376.25,5655229.14,57.0482,-1.2287,-0.4692,0.2002,0.8592
1,Car,411376.6,5655229.55,56.912,-1.0393,-0.5278,0.233567,0.8598
1,Car,411376.95,5655229.96,56.8025,-0.7846,-0.5231,0.266933,0.8604
1,Car,411377.3,5655230.36,56.7237,-0.5277,-0.5718,0.3003,0.861
1,Car,411377.65,5655230.77,56.6704,-0.3591,-0.6191,0.333667,0.8617
1,Car,411378.0,5655231.17,56.6444,-0.0748,-0.6088,0.367033,0.8626
1,Car,411378.34,5655231.57,56.645,0.0852,-0.6531,0.4004,0.8633
1,Car,411378.68,5655231.97,56.6664,0.2717,-0.6995,0.433767,0.8643
1,Car,411379.02,5655232.38,56.7041,0.3562,-0.7188,0.467133,0.8654
1,Car,411379.36,5655232.77,57.6317,-0.988,-0.5055,0.5005,0.8664
1,Car,411379.7,5655233.17,57.5139,-0.973,-0.5337,0.533867,0.8675
1,Car,411380.04,5655233.57,57.4045,-0.8483,-0.5733,0.567233,0.8687
1,Car,411380.38,5655233.97,57.3107,-0.7149,-0.5848,0.6006,0.87
1,Car,411380.72,5655234.37,57.2328,-0.5822,-0.6376,0.633967,0.8714
1,Car,411381.05,5655234.77,57.1703,-0.4583,-0.6433,0.667333,0.8728
1,Car,411381.39,5655235.17,57.1212,-0.359,-0.6713,0.7007,0.8743
1,Car,411381.72,5655235.57,57.0827,-0.2823,-0.7042,0.734067,0.8758
1,Car,411382.06,5655235.98,57.0547,-0.1835,-0.7168,0.767433,0.8775
1,Car,411382.39,5655236.38,57.0382,-0.0912,-0.7464,0.8008,0.8791
1,Car,411382.73,5655236.79,57.0309,-0.0308,-0.7789,0.834167,0.8808
1,Car,411383.06,5655237.19,57.0307,0.0282,-0.763,0.867533,0.8826
1,Car,411383.4,5655237.6,57.0372,0.0804,-0.8121,0.9009,0.8843
1,Car,411383.74,5655238.01,57.0495,0.1238,-0.8307,0.934267,0.8862
1,Car,411384.07,5655238.43,57.0658,0.1483,-0.8423,0.967633,0.8881
1,Car,411384.41,5655238.84,57.0863,0.1927,-0.8423,1.001,0.89
1,Car,411384.74,5655239.25,57.1091,0.1872,-0.8836,1.034367,0.892
1,Car,411385.08,5655239.67,57.1334,0.217,-0.8913,1.067733,0.8939
1,Car,411385.41,5655240.08,57.1591,0.2104,-0.9086,1.1011,0.8959
1,Car,411385.74,5655240.5,57.1844,0.2109,-0.9163,1.134467,0.8979
1,Car,411386.07,5655240.92,57.2088,0.1962,-0.9391,1.167833,0.8999
1,Car,411386.41,5655241.33,57.2309,0.1719,-0.9428,1.2012,0.9019
1,Car,411386.74,5655241.75,57.2495,0.1369,-0.9557,1.234567,0.9039
1,Car,411387.06,5655242.17,57.2644,0.112,-0.9487,1.267933,0.906
1,Car,411387.39,5655242.59,57.2749,0.0618,-0.9855,1.3013,0.908
1,Car,411387.72,5655243.01,57.2791,0.0096,-0.989,1.334667,0.9101
1,Car,411388.05,5655243.43,57.2788,-0.0151,-0.9912,1.368033,0.9122
1,Car,411388.37,5655243.85,57.2719,-0.1,-0.9875,1.4014,0.9142
1,Car,411388.7,5655244.28,57.258,-0.131,-1.0136,1.434767,0.9163
1,Car,411389.02,5655244.7,57.2396,-0.175,-1.015,1.468133,0.9185
1,Car,411389.34,5655245.12,57.2178,-0.1882,-1.0044,1.5015,0.9206
1,Car,411389.66,5655245.54,57.1952,-0.1884,-1.0164,1.534867,0.9228
1,Car,411389.98,5655245.97,57.1721,-0.1967,-1.0156,1.568233,0.9249
1,Car,411390.3,5655246.39,57.1483,-0.2,-0.9934,1.6016,0.927
1,Car,411390.62,5655246.81,57.1242,-0.2012,-1.0197,1.634967,0.9292
1,Car,411390.93,5655247.24,57.0999,-0.2033,-0.9926,1.668333,0.9315
1,Car,411391.25,5655247.66,57.0751,-0.2088,-0.9939,1.7017,0.9337
1,Car,411391.56,5655248.09,57.0498,-0.2121,-0.9997,1.735067,0.9359
1,Car,411391.88,5655248.51,57.025,-0.2021,-0.9698,1.768433,0.9381
1,Car,411392.19,5655248.94,57.0003,-0.2087,-0.9933,1.8018,0.9403
1,Car,411392.5,5655249.37,56.9756,-0.2027,-0.966,1.835167,0.9426
1,Car,411392.81,5655249.79,56.9516,-0.1959,-0.9558,1.868533,0.9449
1,Car,411393.12,5655250.22,56.9283,-0.1922,-0.9595,1.9019,0.9471
1,Car,411393.42,5655250.65,56.9046,-0.2032,-0.9251,1.935267,0.9494
1,Car,411393.73,5655251.08,56.8811,-0.1882,-0.9219,1.968633,0.9515
1,Car,411394.03,5655251.5,56.8587,-0.1833,-0.9027,2.002,0.9535
1,Car,411394.34,5655251.93,56.8375,-0.1711,-0.9188,2.035367,0.9556
1,Car,411394.64,5655252.36,56.8164,-0.1792,-0.8745,2.068733,0.9577
1,Car,411394.94,5655252.79,56.796,-0.1614,-0.8544,2.1021,0.9595
1,Car,411395.24,5655253.23,56.777,-0.1542,-0.8407,2.135467,0.9614
1,Car,411395.54,5655253.66,56.7589,-0.1472,-0.8402,2.168833,0.9631
1,Car,411395.84,5655254.09,56.7415,-0.1429,-0.7997,2.2022,0.965
1,Car,411396.14,5655254.52,56.7256,-0.1217,-0.7885,2.235567,0.9666
1,Car,411396.44,5655254.95,56.7106,-0.1274,-0.7636,2.268933,0.9683
1,Car,411396.74,5655255.39,56.697,-0.0999,-0.7517,2.3023,0.9699
1,Car,411397.04,5655255.82,56.6871,-0.0644,-0.721,2.335667,0.9714
1,Car,411397.33,5655256.26,56.6802,-0.0505,-0.692,2.369033,0.973
1,Car,411397.63,5655256.69,56.6757,-0.0247,-0.6855,2.4024,0.9743
1,Car,411397.92,5655257.13,56.6735,-0.0116,-0.6638,2.435767,0.9758
1,Car,411398.22,5655257.56,56.6726,-0.0041,-0.6357,2.469133,0.977
1,Car,411398.51,5655258.0,56.6727,0.0066,-0.6211,2.5025,0.9783
1,Car,411398.8,5655258.43,56.6742,0.0173,-0.6178,2.535867,0.9795
1,Car,411399.09,5655258.87,56.6762,0.017,-0.5905,2.569233,0.9807
1,Car,411399.39,5655259.3,56.6783,0.0167,-0.5899,2.6026,0.9818
1,Car,411399.68,5655259.74,56.6807,0.0236,-0.5771,2.635967,0.9829
1,Car,411399.97,5655260.18,56.6833,0.0205,-0.564,2.669333,0.984
1,Car,411400.26,5655260.61,56.6855,0.0152,-0.559,2.7027,0.9849
1,Car,411400.55,5655261.05,56.6868,0.0062,-0.5532,2.736067,0.9859
1,Car,411400.84,5655261.49,56.6874,0.0046,-0.5386,2.769433,0.9868
1,Car,411401.13,5655261.93,56.6882,0.0078,-0.5602,2.8028,0.9877
1,Car,411401.41,5655262.36,56.6883,-0.006,-0.5288,2.836167,0.9885
1,Car,411401.7,5655262.8,56.686,-0.0324,-0.5387,2.869533,0.9894
1,Car,411401.99,5655263.24,56.6816,-0.04,-0.535,2.9029,0.9904
1,Car,411402.28,5655263.68,56.6764,-0.0463,-0.5341,2.936267,0.9913
1,Car,411402.57,5655264.12,56.6705,-0.0523,-0.548,2.969633,0.9923
1,Car,411402.85,5655264.56,56.6625,-0.0821,-0.5407,3.003,0.9933
1,Car,411403.14,5655265.0,56.6521,-0.0903,-0.5507,3.036367,0.9944
1,Car,411403.43,5655265.44,56.6395,-0.1188,-0.5407,3.069733,0.9955
1,Car,411403.71,5655265.89,56.6246,-0.1299,-0.5521,3.1031,0.9967
1,Car,411404.0,5655266.33,56.6078,-0.1494,-0.5732,3.136467,0.9979
1,Car,411404.29,5655266.77,56.5882,-0.1783,-0.5659,3.169833,0.999
1,Car,411404.57,5655267.21,56.5647,-0.2114,-0.5675,3.2032,1.0003
1,Car,411404.85,5655267.66,56.5442,-0.1305,-0.5917,3.236567,1.0017
1,Car,411405.14,5655268.1,56.536,-0.0066,-0.5954,3.269933,1.0029
1,Car,411405.42,5655268.54,56.5429,0.1219,-0.5909,3.3033,1.0043
1,Car,411405.7,5655268.99,56.5632,0.2156,-0.613,3.336667,1.0056
1,Car,411405.98,5655269.43,56.5919,0.2625,-0.6036,3.370033,1.007
1,Car,411406.26,5655269.87,56.6276,0.3316,-0.6224,3.4034,1.0085
1,Car,411406.54,5655270.32,56.6681,0.3436,-0.614,3.436767,1.0099
1,Car,411406.82,5655270.76,56.7112,0.3741,-0.6269,3.470133,1.0113
1,Car,411407.1,5655271.21,56.7555,0.3634,-0.6183,3.5035,1.0127
1,Car,411407.37,5655271.65,56.7982,0.3476,-0.6102,3.536867,1.0142
1,Car,411407.65,5655272.09,56.8379,0.3131,-0.6038,3.570233,1.0157
1,Car,411407.92,5655272.53,56.8733,0.2761,-0.6031,3.6036,1.0172
1,Car,411408.2,5655272.98,56.9028,0.2153,-0.5953,3.636967,1.0187
1,Car,411408.47,5655273.42,56.9239,0.1353,-0.5922,3.670333,1.0202
1,Car,411408.74,5655273.86,56.9342,0.0364,-0.562,3.7037,1.0216
1,Car,411409.01,5655274.3,56.9327,-0.0606,-0.5665,3.737067,1.0232
1,Car,411409.28,5655274.75,56.918,-0.1847,-0.5553,3.770433,1.0246
1,Car,411409.55,5655275.2,56.8878,-0.3172,-0.5296,3.8038,1.0259
1,Car,411409.82,5655275.65,56.84,-0.4788,-0.5039,3.837167,1.0272
1,Car,411410.1,5655276.1,56.7729,-0.6392,-0.4912,3.870533,1.0285
1,Car,411410.37,5655276.56,56.6866,-0.797,-0.4858,3.9039,1.0296
1,Car,411410.65,5655277.02,56.5774,-1.0211,-0.4455,3.937267,1.0307
1,Car,411410.93,5655277.48,56.443,-1.2172,-0.427,3.970633,1.0317
1,Car,411411.2,5655277.94,56.2837,-1.4356,-0.4103,4.004,1.0325
1,Car,411411.48,5655278.41,56.0965,-1.6806,-0.3766,4.037367,1.0335
1,Car,411411.75,5655278.87,55.8798,-1.9275,-0.3533,4.070733,1.0343
1,Car,411412.03,5655279.33,55.6324,-2.1926,-0.319,4.1041,1.035
1,Car,411412.3,5655279.79,55.3525,-2.4665,-0.298,4.137467,1.0357
1,Car,411412.57,5655280.25,55.0287,-2.9248,-0.2562,4.170833,1.0363
1,Car,411412.84,5655280.71,54.6446,-3.4715,-0.232,4.2042,1.0368
1,Car,411413.11,5655281.16,54.2003,-3.9263,-0.1918,4.237567,1.0373
1,Car,411413.38,5655281.61,53.6995,-4.4106,-0.1722,4.270933,1.0377
1,Car,411413.64,5655282.06,53.1422,-4.8698,-0.1298,4.3043,1.038
1,Car,411413.9,5655282.51,52.5351,-5.2376,-0.1262,4.337667,1.0382
1,Car,411414.16,5655282.95,51.8897,-5.5082,-0.0861,4.371033,1.0385
1,Car,411414.42,5655283.38,51.2173,-5.6869,-0.0681,4.4044,1.0385
1,Car,411414.67,5655283.81,50.5295,-5.7653,-0.0514,4.437767,1.0385
1,Car,411414.92,5655284.23,49.8381,-5.7471,-0.0265,4.471133,1.0384
1,Car,411415.16,5655284.64,49.1538,-5.6457,-0.0089,4.5045,1.0382
1,Car,411415.4,5655285.05,48.4884,-5.4339,0.0038,4.537867,1.038
1,Car,411415.64,5655285.45,47.8362,-5.4251,0.0171,4.571233,1.0378
1,Car,411415.87,5655285.84,47.4963,-5.5737,0.0273,4.6046,1.0373
1,Car,411416.1,5655286.23,47.1373,-5.7264,0.0407,4.637967,1.0369
1,Car,411416.32,5655286.6,46.7587,-5.8707,0.0632,4.671333,1.0361
1,Car,411416.53,5655286.96,46.3617,-5.9912,0.0717,4.7047,1.0355
1,Car,411416.73,5655287.3,45.9473,-6.1026,0.069,4.738067,1.0349
1,Car,411416.93,5655287.63,45.5154,-6.2117,0.0982,4.771433,1.0344
1,Car,411417.12,5655287.95,45.0654,-6.3119,0.1068,4.8048,1.0338
1,Car,411417.3,5655288.25,44.5979,-6.3911,0.1095,4.838167,1.0336
1,Car,411417.48,5655288.55,44.1138,-6.4553,0.121,4.871533,1.0331
1,Car,411417.65,5655288.85,43.6138,-6.4968,0.1277,4.9049,1.0327
1,Car,411417.83,5655289.14,43.0972,-6.5443,0.1517,4.938267,1.0324
1,Car,411418.0,5655289.43,42.566,-6.5195,0.1356,4.971633,1.0322
1,Car,411418.17,5655289.72,42.0214,-6.5108,0.147,5.005,1.0319
1,Car,411418.35,5655290.01,41.4614,-6.4751,0.1726,5.038367,1.0318
1,Car,411418.53,5655290.31,40.8899,-6.3525,0.1545,5.071733,1.0316
2,Car,411366.97,5655242.27,60.0515,1.3313,0.0177,0.0,4.1194
2,Car,411366.67,5655241.82,60.2128,1.3548,0.0055,0.033367,4.1194
2,Car,411366.36,5655241.37,60.3704,1.2688,0.0597,0.066733,4.1194
2,Car,411366.06,5655240.91,60.5155,1.1484,0.0167,0.1001,4.1193
2,Car,411365.75,5655240.45,60.6479,1.0553,0.0428,0.133467,4.1193
2,Car,411365.44,5655240.0,60.7693,0.9654,0.0434,0.166833,4.1194
2,Car,411365.13,5655239.54,60.8785,0.8541,0.0592,0.2002,4.1193
2,Car,411364.82,5655239.08,60.9747,0.7478,0.0365,0.233567,4.1193
2,Car,411364.51,5655238.61,61.0588,0.6515,0.0523,0.266933,4.1192
2,Car,411364.2,5655238.15,61.1302,0.5382,0.0882,0.3003,4.1191
2,Car,411363.88,5655237.68,61.1891,0.4425,0.06,0.333667,4.1191
2,Car,411363.57,5655237.22,61.235,0.3215,0.0829,0.367033,4.119
2,Car,411363.25,5655236.75,61.2667,0.2055,0.0664,0.4004,4.1189
2,Car,411362.94,5655236.28,61.2888,0.1625,0.072,0.433767,4.1188
2,Car,411362.62,5655235.82,61.3051,0.1091,0.0814,0.467133,4.1187
2,Car,411362.31,5655235.35,60.6686,0.6942,0.0427,0.5005,4.1187
2,Car,411361.99,5655234.88,60.7523,0.7002,0.0555,0.533867,4.1186
2,Car,411361.67,5655234.4,60.8333,0.6476,0.0591,0.567233,4.1184
2,Car,411361.35,5655233.93,60.9087,0.6081,0.0504,0.6006,4.1183
2,Car,411361.03,5655233.46,60.978,0.5466,0.06,0.633967,4.1182
2,Car,411360.72,5655232.99,61.0402,0.4881,0.045,0.667333,4.1181
2,Car,411360.4,5655232.52,61.0962,0.4444,0.0624,0.7007,4.1178
2,Car,411360.08,5655232.05,61.1464,0.3911,0.0465,0.734067,4.1178
2,Car,411359.76,5655231.58,61.1918,0.3649,0.0336,0.767433,4.1175
2,Car,411359.44,5655231.1,61.2318,0.3014,0.0511,0.8008,4.1173
2,Car,411359.12,5655230.63,61.2669,0.2838,0.0381,0.834167,4.1171
2,Car,411358.8,5655230.16,61.2992,0.2536,0.0418,0.867533,4.1169
2,Car,411358.48,5655229.69,61.3268,0.2051,0.0044,0.9009,4.1168
2,Car,411358.17,5655229.22,61.3509,0.1966,0.0297,0.934267,4.1165
2,Car,411357.85,5655228.75,61.3711,0.1401,-0.0025,0.967633,4.1164
2,Car,411357.53,5655228.28,61.387,0.1239,0.0001,1.001,4.1163
2,Car,411357.21,5655227.81,61.4011,0.1121,-0.0092,1.034367,4.1162
2,Car,411356.89,5655227.34,61.413,0.0856,-0.0195,1.067733,4.1162
2,Car,411356.57,5655226.87,61.4216,0.0574,-0.0395,1.1011,4.1161
2,Car,411356.25,5655226.4,61.4291,0.0668,-0.0429,1.134467,4.1161
2,Car,411355.93,5655225.93,61.4365,0.0572,-0.0433,1.167833,4.1162
2,Car,411355.61,5655225.46,61.4414,0.0249,-0.0715,1.2012,4.1163
2,Car,411355.29,5655224.99,61.4442,0.0205,-0.1042,1.234567,4.1164
2,Car,411354.97,5655224.52,61.4473,0.0322,-0.0929,1.267933,4.1164
2,Car,411354.65,5655224.05,61.4505,0.0213,-0.1115,1.3013,4.1167
2,Car,411354.33,5655223.58,61.4528,0.0165,-0.1456,1.334667,4.1168
2,Car,411354.01,5655223.1,61.4554,0.0267,-0.1428,1.368033,4.1172
2,Car,411353.69,5655222.63,61.4583,0.0211,-0.201,1.4014,4.1175
2,Car,411353.37,5655222.16,61.4617,0.0355,-0.1821,1.434767,4.1178
2,Car,411353.05,5655221.69,61.464,0.0031,-0.1979,1.468133,4.1182
2,Car,411352.73,5655221.21,61.4642,0.0003,-0.2249,1.5015,4.1186
2,Car,411352.42,5655220.74,61.462,-0.0367,-0.2363,1.534867,4.1192
2,Car,411352.1,5655220.27,61.4572,-0.0441,-0.2391,1.568233,4.1195
2,Car,411351.78,5655219.79,61.4495,-0.0837,-0.2689,1.6016,4.1202
2,Car,411351.46,5655219.32,61.4384,-0.101,-0.2703,1.634967,4.1208
2,Car,411351.14,5655218.84,61.426,-0.1057,-0.2891,1.668333,4.1214
2,Car,411350.82,5655218.37,61.4127,-0.1149,-0.2688,1.7017,4.122
2,Car,411350.5,5655217.9,61.3984,-0.1238,-0.3015,1.735067,4.1227
2,Car,411350.19,5655217.42,61.3828,-0.1364,-0.3109,1.768433,4.1235
2,Car,411349.87,5655216.95,61.3646,-0.1655,-0.2935,1.8018,4.1243
2,Car,411349.56,5655216.47,61.3462,-0.1418,-0.3021,1.835167,4.1252
2,Car,411349.24,5655216.0,61.3278,-0.164,-0.3197,1.868533,4.126
2,Car,411348.92,5655215.53,61.308,-0.1664,-0.3266,1.9019,4.1268
2,Car,411348.61,5655215.05,61.2891,-0.1478,-0.2856,1.935267,4.1277
2,Car,411348.3,5655214.58,61.2701,-0.169,-0.3189,1.968633,4.1284
2,Car,411347.98,5655214.1,61.2513,-0.1436,-0.2976,2.002,4.1293
2,Car,411347.67,5655213.63,61.2348,-0.1316,-0.3071,2.035367,4.1301
2,Car,411347.36,5655213.16,61.2192,-0.1282,-0.2924,2.068733,4.1307
2,Car,411347.05,5655212.68,61.2039,-0.1261,-0.2925,2.1021,4.1313
2,Car,411346.74,5655212.21,61.1912,-0.0845,-0.2709,2.135467,4.132
2,Car,411346.43,5655211.74,61.1815,-0.0781,-0.2637,2.168833,4.1327
2,Car,411346.12,5655211.26,61.1727,-0.0673,-0.2763,2.2022,4.1332
2,Car,411345.81,5655210.79,61.1677,-0.0158,-0.2483,2.235567,4.1338
2,Car,411345.5,5655210.32,61.1666,-0.0034,-0.2213,2.268933,4.1343
2,Car,411345.19,5655209.84,61.1674,0.017,-0.2165,2.3023,4.1347
2,Car,411344.89,5655209.37,61.1714,0.0487,-0.2057,2.335667,4.135
2,Car,411344.58,5655208.9,61.1787,0.073,-0.1835,2.369033,4.1355
2,Car,411344.27,5655208.42,61.1882,0.085,-0.1662,2.4024,4.1358
2,Car,411343.96,5655207.95,61.202,0.1452,-0.1325,2.435767,4.1361
2,Car,411343.65,5655207.48,61.22,0.1547,-0.1576,2.469133,4.1364
2,Car,411343.35,5655207.0,61.2409,0.1939,-0.117,2.5025,4.1367
2,Car,411343.04,5655206.53,61.2646,0.2006,-0.115,2.535867,4.1368
2,Car,411342.73,5655206.05,61.2918,0.2513,-0.077,2.569233,4.1369
2,Car,411342.42,5655205.58,61.3225,0.2597,-0.0977,2.6026,4.1371
2,Car,411342.11,5655205.1,61.3553,0.2869,-0.0664,2.635967,4.1373
2,Car,411341.81,5655204.63,61.39,0.2911,-0.0623,2.669333,4.1373
2,Car,411341.5,5655204.15,61.427,0.3247,-0.0378,2.7027,4.1372
2,Car,411341.19,5655203.67,61.4655,0.3158,-0.0396,2.736067,4.1372
2,Car,411340.88,5655203.19,61.5048,0.3394,-0.0303,2.769433,4.1371
2,Car,411340.57,5655202.72,61.5451,0.3317,-0.0363,2.8028,4.137
2,Car,411340.26,5655202.24,61.5882,0.3847,0.0023,2.836167,4.1369
2,Car,411339.95,5655201.76,61.6328,0.3586,-0.021,2.869533,4.1369
2,Car,411339.63,5655201.28,61.676,0.3608,0.014,2.9029,4.1367
2,Car,411339.32,5655200.8,61.7187,0.3507,-0.0062,2.936267,4.1366
2,Car,411339.01,5655200.32,61.7603,0.3417,-0.0152,2.969633,4.1365
2,Car,411338.7,5655199.84,61.8037,0.3801,0.0276,3.003,4.1364
2,Car,411338.38,5655199.35,61.8466,0.3346,-0.0024,3.036367,4.1364
2,Car,411338.07,5655198.87,61.8883,0.3603,0.043,3.069733,4.1364
2,Car,411337.76,5655198.39,61.9273,0.2893,-0.0121,3.1031,4.1363
2,Car,411337.44,5655197.91,61.9657,0.3494,0.0461,3.136467,4.136
2,Car,411337.13,5655197.42,62.0028,0.2676,0.0109,3.169833,4.136
2,Car,411336.82,5655196.94,62.0349,0.2678,0.0136,3.2032,4.1361
2,Car,411336.5,5655196.46,62.0651,0.235,-0.0015,3.236567,4.136
2,Car,411336.19,5655195.98,62.092,0.2121,0.0169,3.269933,4.136
2,Car,411335.87,5655195.49,62.1169,0.2039,0.0004,3.3033,4.1359
2,Car,411335.56,5655195.01,62.1399,0.1788,-0.0037,3.336667,4.1359
2,Car,411335.25,5655194.52,62.1617,0.1839,0.0061,3.370033,4.136
2,Car,411334.93,5655194.04,62.1823,0.1584,0.0025,3.4034,4.136
2,Car,411334.62,5655193.56,62.1988,0.1159,-0.0262,3.436767,4.1361
2,Car,411334.3,5655193.07,62.2114,0.0954,-0.0237,3.470133,4.1358
2,Car,411333.99,5655192.59,62.2252,0.133,0.0135,3.5035,4.1362
2,Car,411333.67,5655192.1,62.2375,0.0718,-0.0493,3.536867,4.136
2,Car,411333.36,5655191.62,62.2461,0.0723,-0.019,3.570233,4.1361
2,Car,411333.04,5655191.14,62.255,0.076,-0.0329,3.6036,4.1361
2,Car,411332.73,5655190.65,62.2631,0.0581,-0.0171,3.636967,4.1362
2,Car,411332.41,5655190.17,62.2685,0.0328,-0.043,3.670333,4.1364
2,Car,411332.1,5655189.68,62.2731,0.0429,-0.0232,3.7037,4.1364
2,Car,411331.78,5655189.2,62.2749,-0.0115,-0.0658,3.737067,4.1367
2,Car,411331.47,5655188.71,62.2768,0.0419,-0.0506,3.770433,4.1365
2,Car,411331.16,5655188.23,62.2784,-0.0146,-0.0563,3.8038,4.1367
2,Car,411330.84,5655187.75,62.2772,-0.0052,-0.0316,3.837167,4.1369
2,Car,411330.53,5655187.26,62.2751,-0.0297,-0.0681,3.870533,4.1371
2,Car,411330.21,5655186.78,62.2717,-0.0271,-0.0421,3.9039,4.137
2,Car,411329.9,5655186.29,62.2679,-0.0372,-0.0758,3.937267,4.1373
2,Car,411329.59,5655185.81,62.2642,-0.0234,-0.0417,3.970633,4.1374
2,Car,411329.27,5655185.32,62.2603,-0.0412,-0.0446,4.004,4.1375
2,Car,411328.96,5655184.84,62.2532,-0.0777,-0.0838,4.037367,4.1375
2,Car,411328.64,5655184.36,62.246,-0.0425,-0.0633,4.070733,4.1378
2,Car,411328.33,5655183.87,62.2374,-0.1012,-0.0985,4.1041,4.1378
2,Car,411328.02,5655183.39,62.2285,-0.0459,-0.0367,4.137467,4.138
2,Car,411327.7,5655182.9,62.2241,-0.0287,-0.1016,4.170833,4.1383
2,Car,411327.39,5655182.42,62.231,0.144,-0.0658,4.2042,4.1383
2,Car,411327.08,5655181.93,62.2549,0.2537,-0.0626,4.237567,4.1385
2,Car,411326.76,5655181.45,62.2907,0.3437,-0.071,4.270933,4.1387
2,Car,411326.45,5655180.96,62.3377,0.4374,-0.0749,4.3043,4.1389
2,Car,411326.14,5655180.48,62.3937,0.4949,-0.0532,4.337667,4.139
2,Car,411325.83,5655180.0,62.4578,0.5739,-0.059,4.371033,4.1391
2,Car,411325.51,5655179.51,62.5268,0.5742,-0.0769,4.4044,4.1391
2,Car,411325.2,5655179.03,62.5961,0.5789,-0.0693,4.437767,4.1393
2,Car,411324.89,5655178.54,62.6691,0.6377,-0.0601,4.471133,4.1395
2,Car,411324.58,5655178.06,62.7456,0.6351,-0.0296,4.5045,4.1397
2,Car,411324.26,5655177.57,62.8161,0.5395,-0.0751,4.537867,4.1398
2,Car,411323.95,5655177.09,62.8832,0.5771,-0.0185,4.571233,4.1401
2,Car,411323.64,5655176.61,62.9483,0.5078,-0.0215,4.6046,4.1401
2,Car,411323.33,5655176.12,63.0025,0.3942,-0.0459,4.637967,4.1403
2,Car,411323.02,5655175.64,63.0465,0.3386,-0.0179,4.671333,4.1406
2,Car,411322.71,5655175.15,63.0805,0.2262,0.0012,4.7047,4.1407
2,Car,411322.39,5655174.66,63.1017,0.1272,-0.0004,4.738067,4.1406
2,Car,411322.07,5655174.17,63.1087,-0.0097,0.0207,4.771433,4.1406
2,Car,411321.75,5655173.68,63.0969,-0.1876,0.0249,4.8048,4.1408
2,Car,411321.43,5655173.18,63.0655,-0.3342,0.027,4.838167,4.1407
2,Car,411321.11,5655172.68,63.0143,-0.5187,0.0526,4.871533,4.1409
2,Car,411320.79,5655172.18,62.9386,-0.7415,0.043,4.9049,4.1408
2,Car,411320.47,5655171.67,62.8387,-0.9224,0.0838,4.938267,4.1407
2,Car,411320.14,5655171.17,62.7141,-1.1526,0.1113,4.971633,4.1406
2,Car,411319.82,5655170.67,62.557,-1.462,0.0913,5.005,4.1404
2,Car,411319.5,5655170.16,62.3686,-1.6763,0.1226,5.038367,4.1404
2,Car,411319.17,5655169.66,62.1499,-1.9642,0.1503,5.071733,4.1401
2,Car,411318.85,5655169.16,61.8774,-2.5737,0.184,5.1051,4.1399
2,Car,411318.53,5655168.66,61.5224,-3.3369,0.2249,5.138467,4.1394
2,Car,411318.21,5655168.16,61.077,-4.0793,0.195,5.171833,4.1393
2,Car,411317.89,5655167.67,60.549,-4.711,0.238,5.2052,4.1388
2,Car,411317.57,5655167.18,59.9505,-5.2544,0.2351,5.238567,4.1385
2,Car,411317.25,5655166.69,59.2956,-5.6498,0.2598,5.271933,4.1381
2,Car,411316.94,5655166.21,58.6031,-5.8795,0.2849,5.3053,4.1376
2,Car,411316.63,5655165.73,57.8868,-6.0474,0.2676,5.338667,4.137
2,Car,411316.32,5655165.25,57.1671,-5.9359,0.2867,5.372033,4.1363
2,Car,411316.02,5655164.79,56.4619,-5.8062,0.2696,5.4054,4.1358
2,Car,411315.72,5655164.32,55.7893,-5.3919,0.3056,5.438767,4.1349
2,Car,411315.42,5655163.87,55.1417,-5.3901,0.3012,5.472133,4.1342
2,Car,411315.13,5655163.42,54.8289,-5.5954,0.3191,5.5055,4.1331
2,Car,411314.84,5655162.98,54.4927,-5.7916,0.302,5.538867,4.1315
2,Car,411314.56,5655162.55,54.1353,-5.948,0.3311,5.572233,4.1303
2,Car,411314.28,5655162.12,53.756,-6.1459,0.3251,5.6056,4.1294
2,Car,411314.01,5655161.72,53.3529,-6.3148,0.3261,5.638967,4.1282
2,Car,411313.75,5655161.33,52.9285,-6.4543,0.361,5.672333,4.1277
2,Car,411313.51,5655160.97,52.4811,-6.6373,0.3333,5.7057,4.126
2,Car,411313.28,5655160.62,52.0108,-6.7481,0.3641,5.739067,4.125
2,Car,411313.06,5655160.29,51.5161,-6.9341,0.3538,5.772433,4.124
2,Car,411312.84,5655159.97,50.996,-7.0303,0.3779,5.8058,4.1233
2,Car,411312.63,5655159.65,50.4519,-7.1609,0.3604,5.839167,4.123
2,Car,411312.42,5655159.33,49.8818,-7.2499,0.4001,5.872533,4.123
2,Car,411312.2,5655159.0,49.2871,-7.3109,0.3779,5.9059,4.1224
2,Car,411311.98,5655158.68,48.6666,-7.368,0.4144,5.939267,4.1219
2,Car,411311.75,5655158.33,48.014,-7.4678,0.3507,5.972633,4.1215
